Store,Date,Weekly_Sales
1,2012-11-02,1652983.5084302668
2,2012-11-02,1953739.3323880562
3,2012-11-02,440315.6573885573
4,2012-11-02,2535843.178623905
5,2012-11-02,338344.54798953934
6,2012-11-02,1554263.3727299212
7,2012-11-02,559946.4628340735
8,2012-11-02,984768.4753763161
9,2012-11-02,627324.2689728389
10,2012-11-02,1893305.217010959
11,2012-11-02,1551732.4570150159
12,2012-11-02,1121924.919163833
13,2012-11-02,2127712.1254789256
14,2012-11-02,2168820.7874525716
15,2012-11-02,648237.8873784133
16,2012-11-02,520063.30879436655
17,2012-11-02,1010797.1155447026
18,2012-11-02,1145912.459550185
19,2012-11-02,1525674.9342775235
20,2012-11-02,2439460.629335707
21,2012-11-02,797620.3631372971
22,2012-11-02,1163085.1763024365
23,2012-11-02,1494643.0109827018
24,2012-11-02,1362441.695996881
25,2012-11-02,673510.6445517264
26,2012-11-02,1054674.528181751
27,2012-11-02,1691438.6407313584
28,2012-11-02,1493652.4599876052
29,2012-11-02,653451.5734000679
30,2012-11-02,444690.1371664106
31,2012-11-02,1476924.4794528533
32,2012-11-02,1290302.6141539146
33,2012-11-02,258479.11691510858
34,2012-11-02,1058327.3985165437
35,2012-11-02,726392.7585121057
36,2012-11-02,292179.1811523373
37,2012-11-02,544255.5970156195
38,2012-11-02,437863.0166633827
39,2012-11-02,1568457.345850788
40,2012-11-02,1114981.2119695304
41,2012-11-02,1399417.2873263962
42,2012-11-02,618108.2517799865
43,2012-11-02,654985.5025264056
44,2012-11-02,334937.0561889594
45,2012-11-02,852327.9180961727
1,2012-11-09,1614563.2174242297
2,2012-11-09,2069497.0503954464
3,2012-11-09,466437.3145437911
4,2012-11-09,2339234.8840689766
5,2012-11-09,341646.5896776799
6,2012-11-09,1566478.092773696
7,2012-11-09,584431.2221275797
8,2012-11-09,975553.7934451369
9,2012-11-09,614815.0134153218
10,2012-11-09,2098983.804585456
11,2012-11-09,1465657.1149817517
12,2012-11-09,1177080.8289548396
13,2012-11-09,2226657.522606417
14,2012-11-09,2077069.0017225237
15,2012-11-09,637101.3701451404
16,2012-11-09,523731.20605758845
17,2012-11-09,986395.7319143345
18,2012-11-09,1138330.3029292526
19,2012-11-09,1543147.2124558059
20,2012-11-09,2520914.0776183833
21,2012-11-09,803254.0981313864
22,2012-11-09,1132910.88820995
23,2012-11-09,1559634.6554598627
24,2012-11-09,1464072.5792730553
25,2012-11-09,673120.3218837172
26,2012-11-09,1153038.5234578834
27,2012-11-09,1838557.3951700858
28,2012-11-09,1543584.1097137672
29,2012-11-09,558765.4990812031
30,2012-11-09,441419.0938018721
31,2012-11-09,1543264.353475789
32,2012-11-09,1250404.4719283918
33,2012-11-09,274655.3939960787
34,2012-11-09,1053681.312604766
35,2012-11-09,928639.5097456836
36,2012-11-09,297718.0872872171
37,2012-11-09,494902.87325813575
38,2012-11-09,459193.51672025665
39,2012-11-09,1569824.9083342203
40,2012-11-09,1154495.5441585393
41,2012-11-09,1415915.6078809092
42,2012-11-09,654578.9588971201
43,2012-11-09,658040.2806245042
44,2012-11-09,340546.8675745056
45,2012-11-09,850480.5957203937
1,2012-11-16,1634102.2074670556
2,2012-11-16,2088591.3983021448
3,2012-11-16,463158.26658025244
4,2012-11-16,2538661.4827004382
5,2012-11-16,340938.88557135325
6,2012-11-16,1567350.9712663784
7,2012-11-16,562113.5040966471
8,2012-11-16,962300.0719087363
9,2012-11-16,579889.5559419148
10,2012-11-16,2076685.8156607733
11,2012-11-16,1433645.3655379238
12,2012-11-16,1058312.3778715644
13,2012-11-16,2084568.9704354682
14,2012-11-16,2074238.2874946992
15,2012-11-16,626818.1276040042
16,2012-11-16,516207.346294202
17,2012-11-16,964529.1742805344
18,2012-11-16,1118852.8854284366
19,2012-11-16,1467592.8053013948
20,2012-11-16,2299939.2191261007
21,2012-11-16,815453.5516751312
22,2012-11-16,1130781.2651052661
23,2012-11-16,1443048.7323909944
24,2012-11-16,1398229.1639389715
25,2012-11-16,795015.9585557546
26,2012-11-16,1057171.5473919094
27,2012-11-16,1683773.8729996253
28,2012-11-16,1403804.1794041244
29,2012-11-16,547538.6523157009
30,2012-11-16,443906.60290263104
31,2012-11-16,1550204.4231254822
32,2012-11-16,1274341.8342471472
33,2012-11-16,263598.40261433204
34,2012-11-16,1023271.976210906
35,2012-11-16,877186.3745298209
36,2012-11-16,298701.55644046044
37,2012-11-16,520296.80513137655
38,2012-11-16,434007.943703918
39,2012-11-16,1576348.9968798284
40,2012-11-16,974437.2950309082
41,2012-11-16,1408533.4108430226
42,2012-11-16,591355.197486989
43,2012-11-16,661405.4450399086
44,2012-11-16,334937.0561889594
45,2012-11-16,834490.3873126846
1,2012-11-23,2035420.2547265072
2,2012-11-23,2803636.5008985377
3,2012-11-23,563029.727229925
4,2012-11-23,2891558.0162982703
5,2012-11-23,512389.4511347588
6,2012-11-23,2264405.1152474103
7,2012-11-23,975460.4206024668
8,2012-11-23,1245219.7685282512
9,2012-11-23,830765.4906572242
10,2012-11-23,2916525.4980392996
11,2012-11-23,1913256.7050834533
12,2012-11-23,1536880.455563874
13,2012-11-23,2860767.801754484
14,2012-11-23,2798726.4593437724
15,2012-11-23,1043735.5248459494
16,2012-11-23,685368.4469744797
17,2012-11-23,1273923.070943139
18,2012-11-23,1671343.812048785
19,2012-11-23,1968697.4388190485
20,2012-11-23,2888651.5727246003
21,2012-11-23,1222357.4062929496
22,2012-11-23,1529485.6205680042
23,2012-11-23,2055379.7903426858
24,2012-11-23,1815354.560363019
25,2012-11-23,1083370.8393626232
26,2012-11-23,1287610.2692546165
27,2012-11-23,2503341.1823384133
28,2012-11-23,1931162.7189919795
29,2012-11-23,918135.1075694291
30,2012-11-23,446027.44526226376
31,2012-11-23,1929676.3120216099
32,2012-11-23,1658884.541901452
33,2012-11-23,263607.32975839236
34,2012-11-23,1332797.579655823
35,2012-11-23,1663526.066610751
36,2012-11-23,297438.3531506453
37,2012-11-23,537961.159147682
38,2012-11-23,436199.19937534694
39,2012-11-23,2052821.4139857513
40,2012-11-23,1248208.3781610304
41,2012-11-23,1934192.4667509936
42,2012-11-23,660185.9144452988
43,2012-11-23,675781.3798454397
44,2012-11-23,335654.69710831007
45,2012-11-23,1103486.9887193704
1,2012-11-30,1633561.364805198
2,2012-11-30,2072478.9808752318
3,2012-11-30,475560.66260954534
4,2012-11-30,2314910.5085407062
5,2012-11-30,413274.84113371675
6,2012-11-30,1963353.6925082945
7,2012-11-30,699966.1334281296
8,2012-11-30,1080464.3963430182
9,2012-11-30,668211.1539169349
10,2012-11-30,2078409.2484549826
11,2012-11-30,1591015.6065254458
12,2012-11-30,1232066.628315939
13,2012-11-30,2079063.991824702
14,2012-11-30,2273780.998237595
15,2012-11-30,694915.6555480121
16,2012-11-30,553432.3805832276
17,2012-11-30,1069769.5413071744
18,2012-11-30,1290971.8791341968
19,2012-11-30,1636914.5077211442
20,2012-11-30,2526855.2774369027
21,2012-11-30,870582.4880611878
22,2012-11-30,1218573.2362180513
23,2012-11-30,1600184.5986596856
24,2012-11-30,1450495.4451623603
25,2012-11-30,972721.7648569257
26,2012-11-30,1220443.7606116843
27,2012-11-30,2018441.2152357874
28,2012-11-30,1492577.589029016
29,2012-11-30,701611.6402854605
30,2012-11-30,441323.4019180204
31,2012-11-30,1444972.5591958638
32,2012-11-30,1295135.5691061243
33,2012-11-30,231346.32968283547
34,2012-11-30,1066851.1360673653
35,2012-11-30,1028531.3108161833
36,2012-11-30,281454.0003367066
37,2012-11-30,534622.0899773743
38,2012-11-30,459216.3741572636
39,2012-11-30,1930645.0866041128
40,2012-11-30,1247371.9859941022
41,2012-11-30,1428986.4976250797
42,2012-11-30,533905.5649705861
43,2012-11-30,626069.3130480446
44,2012-11-30,300402.8785535546
45,2012-11-30,989913.9865430794
1,2012-12-07,1891474.107453176
2,2012-12-07,2441605.5584121514
3,2012-12-07,463336.7940750772
4,2012-12-07,2859192.6906699897
5,2012-12-07,408099.5427345847
6,2012-12-07,2072566.9032146374
7,2012-12-07,706342.2072878723
8,2012-12-07,1139946.4158753722
9,2012-12-07,676266.7771527229
10,2012-12-07,2437571.697073684
11,2012-12-07,1707788.126968915
12,2012-12-07,1298398.5601277766
13,2012-12-07,2834595.8375781644
14,2012-12-07,2835746.1226071124
15,2012-12-07,822572.2950862603
16,2012-12-07,584215.5308555028
17,2012-12-07,1091958.6920553453
18,2012-12-07,1407589.6068951872
19,2012-12-07,1730232.578009474
20,2012-12-07,2861598.92312347
21,2012-12-07,959415.0160489889
22,2012-12-07,1364898.3912368994
23,2012-12-07,1888863.9158788037
24,2012-12-07,1461347.4012651232
25,2012-12-07,994077.5604045334
26,2012-12-07,1239620.3258200746
27,2012-12-07,2072036.5592135545
28,2012-12-07,1557159.2046783103
29,2012-12-07,697309.3767200424
30,2012-12-07,441376.1499329322
31,2012-12-07,1513351.8620031937
32,2012-12-07,1423929.961515082
33,2012-12-07,270863.3404372365
34,2012-12-07,1192340.8540348273
35,2012-12-07,1064672.2858202744
36,2012-12-07,291803.60453032766
37,2012-12-07,548676.5992505237
38,2012-12-07,457946.0460201129
39,2012-12-07,1890175.3856982507
40,2012-12-07,1251507.4078381706
41,2012-12-07,1486274.2336357862
42,2012-12-07,682289.7181166768
43,2012-12-07,666905.6999435944
44,2012-12-07,312151.47592545405
45,2012-12-07,1050382.0768775297
1,2012-12-14,2078290.5461530306
2,2012-12-14,2501051.244458203
3,2012-12-14,519354.83629247977
4,2012-12-14,2963121.578403215
5,2012-12-14,423101.70825341856
6,2012-12-14,2071701.8428793752
7,2012-12-14,692667.4737748483
8,2012-12-14,1171542.732040565
9,2012-12-14,676183.4340362847
10,2012-12-14,2824935.629505549
11,2012-12-14,1778095.129504067
12,2012-12-14,1361781.2966162027
13,2012-12-14,2922465.8645688305
14,2012-12-14,2834309.867372612
15,2012-12-14,942207.5897073966
16,2012-12-14,677179.7529135289
17,2012-12-14,1163991.0604599216
18,2012-12-14,1464571.1213338638
19,2012-12-14,1917709.1149711134
20,2012-12-14,2962570.4854007536
21,2012-12-14,1138732.023373605
22,2012-12-14,1471406.629149589
23,2012-12-14,2153384.1335906517
24,2012-12-14,1672395.5484219769
25,2012-12-14,1088295.998514927
26,2012-12-14,1346009.1446458779
27,2012-12-14,2245437.4539174973
28,2012-12-14,1542766.8523757667
29,2012-12-14,801272.4265108295
30,2012-12-14,434106.6779276715
31,2012-12-14,1557365.7778498742
32,2012-12-14,1472162.830706901
33,2012-12-14,265724.4007103553
34,2012-12-14,1179079.3134552278
35,2012-12-14,1148441.5875388975
36,2012-12-14,291158.91728753614
37,2012-12-14,524169.7559494719
38,2012-12-14,454829.7236542503
39,2012-12-14,2085043.0747655618
40,2012-12-14,1326870.2854946833
41,2012-12-14,1673891.513993969
42,2012-12-14,640500.2035719953
43,2012-12-14,681413.0329878663
44,2012-12-14,311543.53009287117
45,2012-12-14,1157904.1828826936
1,2012-12-21,2367044.381791109
2,2012-12-21,2854138.716920723
3,2012-12-21,545638.3590684974
4,2012-12-21,2890697.604327157
5,2012-12-21,466914.5216026066
6,2012-12-21,2813018.056193973
7,2012-12-21,1077781.112047854
8,2012-12-21,1529352.099756252
9,2012-12-21,940511.3505771937
10,2012-12-21,2922042.7407186353
11,2012-12-21,2336369.4182257038
12,2012-12-21,1651110.6421242955
13,2012-12-21,2891161.5146932793
14,2012-12-21,2854615.551269775
15,2012-12-21,1142327.2404636873
16,2012-12-21,983134.504057779
17,2012-12-21,1283983.3378999534
18,2012-12-21,1985230.294216012
19,2012-12-21,2553624.4076255863
20,2012-12-21,2890605.748631469
21,2012-12-21,1295967.62681773
22,2012-12-21,1983027.3693997932
23,2012-12-21,2657762.4853656874
24,2012-12-21,2180849.992202761
25,2012-12-21,1292473.7355680594
26,2012-12-21,1531733.1963607187
27,2012-12-21,2934380.885323221
28,2012-12-21,1867942.3533830976
29,2012-12-21,1060877.6076778225
30,2012-12-21,474225.49482848885
31,2012-12-21,1969755.5134015481
32,2012-12-21,1975322.5995017951
33,2012-12-21,254254.2154240476
34,2012-12-21,1500495.9323633078
35,2012-12-21,1458709.0592475608
36,2012-12-21,291789.32787748607
37,2012-12-21,616124.7158371584
38,2012-12-21,454432.55708922516
39,2012-12-21,2649889.250787386
40,2012-12-21,1578144.6722669064
41,2012-12-21,2315400.397379189
42,2012-12-21,647663.0395198439
43,2012-12-21,675914.7394329604
44,2012-12-21,316591.10785383254
45,2012-12-21,1522186.9936376398
